{
  "config": {
    "run_name": "exp1_3_L3_K64-128-256",
    "out_dir": "./results",
    "seed": 42,
    "bs_train": 128,
    "bs_test": 32,
    "batches": 100,
    "epochs": 50,
    "early_stopping": 4,
    "checkpoints": null,
    "lr": 0.01,
    "reg": 0.001,
    "filters_per_layer": [
      64,
      128,
      256
    ],
    "layers_per_block": 3,
    "pool_every": 3,
    "hidden_dims": [
      100
    ],
    "ycn": false,
    "CrossEntropyLoss": null,
    "kw": {}
  },
  "results": {
    "num_epochs": 8,
    "train_loss": [
      2.3034486770629883,
      2.299687623977661,
      2.296564817428589,
      2.3029606342315674,
      2.2980072498321533,
      2.2924747467041016,
      2.3042778968811035,
      2.3063583374023438,
      2.307216167449951,
      2.3050501346588135,
      2.312579393386841,
      2.3070569038391113,
      2.309337615966797,
      2.2967796325683594,
      2.307286500930786,
      2.307551145553589,
      2.3004491329193115,
      2.3032007217407227,
      2.306962251663208,
      2.3016884326934814,
      2.298635244369507,
      2.2974491119384766,
      2.3106911182403564,
      2.2996928691864014,
      2.3040454387664795,
      2.2997331619262695,
      2.3091301918029785,
      2.3006889820098877,
      2.3003382682800293,
      2.3062732219696045,
      2.3078060150146484,
      2.3126301765441895,
      2.302053689956665,
      2.2973880767822266,
      2.2978808879852295,
      2.3040831089019775,
      2.2960832118988037,
      2.2938249111175537,
      2.3029091358184814,
      2.304171562194824,
      2.304447889328003,
      2.3052799701690674,
      2.311183214187622,
      2.3055953979492188,
      2.3112568855285645,
      2.2975685596466064,
      2.3058834075927734,
      2.304781198501587,
      2.2984955310821533,
      2.3019354343414307,
      2.306718111038208,
      2.301152229309082,
      2.297983169555664,
      2.2978572845458984,
      2.3065571784973145,
      2.2969956398010254,
      2.3043253421783447,
      2.300034284591675,
      2.306565999984741,
      2.29927396774292,
      2.2992942333221436,
      2.304809093475342,
      2.3067562580108643,
      2.308832883834839,
      2.301356792449951,
      2.2961106300354004,
      2.2997524738311768,
      2.305111885070801,
      2.295013189315796,
      2.29540753364563,
      2.302257776260376,
      2.3027288913726807,
      2.302727460861206,
      2.3055648803710938,
      2.3103179931640625,
      2.304879665374756,
      2.3129689693450928,
      2.2982683181762695,
      2.3049604892730713,
      2.303133964538574,
      2.2975001335144043,
      2.301447629928589,
      2.3065896034240723,
      2.3011791706085205,
      2.2977099418640137,
      2.298438549041748,
      2.304028272628784,
      2.2953879833221436,
      2.304758071899414,
      2.3003945350646973,
      2.304997444152832,
      2.2984981536865234,
      2.2988882064819336,
      2.3040478229522705,
      2.3062539100646973,
      2.306403636932373,
      2.3011932373046875,
      2.2955191135406494,
      2.3011281490325928,
      2.3058578968048096,
      2.2944722175598145,
      2.2966034412384033,
      2.301978826522827,
      2.3019659519195557,
      2.301786184310913,
      2.3058054447174072,
      2.3098959922790527,
      2.3046114444732666,
      2.314204454421997,
      2.2988390922546387,
      2.304485321044922,
      2.302208185195923,
      2.297008991241455,
      2.3012752532958984,
      2.3065454959869385,
      2.3013885021209717,
      2.2976224422454834,
      2.298893928527832,
      2.3025224208831787,
      2.2944419384002686,
      2.3051249980926514,
      2.300686836242676,
      2.304015874862671,
      2.298051357269287,
      2.2987587451934814,
      2.3036179542541504,
      2.3059895038604736,
      2.3049099445343018,
      2.301189422607422,
      2.2952494621276855,
      2.302060604095459,
      2.3063416481018066,
      2.294215202331543,
      2.297442674636841,
      2.3018691539764404,
      2.3015353679656982,
      2.301274061203003,
      2.3059518337249756,
      2.3096561431884766,
      2.304539442062378,
      2.3150501251220703,
      2.299252510070801,
      2.3042283058166504,
      2.30165958404541,
      2.296739101409912,
      2.3012287616729736,
      2.3065247535705566,
      2.3016228675842285,
      2.2976248264312744,
      2.299227714538574,
      2.3016114234924316,
      2.2938621044158936,
      2.305399179458618,
      2.3008816242218018,
      2.303384304046631,
      2.2978017330169678,
      2.298732042312622,
      2.303358316421509,
      2.3058359622955322,
      2.3039584159851074,
      2.301227331161499,
      2.2951323986053467,
      2.302680492401123,
      2.306638240814209,
      2.294100046157837,
      2.2980129718780518,
      2.301835536956787,
      2.3012807369232178,
      2.300992012023926,
      2.306037664413452,
      2.309501886367798,
      2.30454421043396,
      2.3156228065490723,
      2.299528121948242,
      2.3040788173675537,
      2.3013153076171875,
      2.296576976776123,
      2.301231622695923,
      2.306507110595703,
      2.301832437515259,
      2.297657012939453,
      2.299459218978882,
      2.301050901412964,
      2.2934987545013428,
      2.3055896759033203,
      2.3010034561157227,
      2.302968740463257,
      2.2976574897766113,
      2.2987422943115234,
      2.303194761276245,
      2.3057432174682617,
      2.3033456802368164,
      2.301271915435791,
      2.295088052749634,
      2.3030853271484375,
      2.306813955307007,
      2.294051170349121,
      2.2983908653259277,
      2.301835298538208,
      2.3011269569396973,
      2.3008360862731934,
      2.3060779571533203,
      2.309399366378784,
      2.3045763969421387,
      2.3160064220428467,
      2.299705982208252,
      2.3039886951446533,
      2.3010921478271484,
      2.296475648880005,
      2.301248550415039,
      2.3064894676208496,
      2.302002191543579,
      2.2976934909820557,
      2.2996129989624023,
      2.300704002380371,
      2.293264389038086,
      2.3057172298431396,
      2.3010756969451904,
      2.3026888370513916,
      2.2975707054138184,
      2.2987639904022217,
      2.3030877113342285,
      2.305684804916382,
      2.3029427528381348,
      2.30131196975708,
      2.2950756549835205,
      2.30334734916687,
      2.306913375854492,
      2.294034242630005,
      2.29864239692688,
      2.3018457889556885,
      2.301032066345215,
      2.3007473945617676,
      2.3060951232910156,
      2.3093273639678955,
      2.304612636566162,
      2.316260576248169,
      2.299818754196167,
      2.3039348125457764,
      2.300950765609741,
      2.2964110374450684,
      2.3012712001800537,
      2.3064706325531006,
      2.302133083343506,
      2.2977242469787598,
      2.2997124195098877,
      2.3004884719848633,
      2.2931129932403564,
      2.3058035373687744,
      2.301117181777954,
      2.302499771118164,
      2.297518014907837,
      2.2987852096557617,
      2.303015947341919,
      2.305647373199463,
      2.302687406539917,
      2.3013417720794678,
      2.295074701309204,
      2.3035173416137695,
      2.306971549987793,
      2.294032096862793,
      2.298807144165039,
      2.3018577098846436,
      2.300971746444702,
      2.300699472427368,
      2.3060996532440186,
      2.3092782497406006,
      2.304645538330078,
      2.316431760787964,
      2.299891710281372,
      2.303901433944702,
      2.300856351852417,
      2.29636812210083,
      2.3012917041778564,
      2.306455135345459,
      2.3022310733795166,
      2.2977490425109863,
      2.299778461456299,
      2.300351858139038,
      2.29301381111145,
      2.305861234664917,
      2.3011398315429688,
      2.3023722171783447,
      2.297484874725342,
      2.2988040447235107,
      2.3029673099517822,
      2.3056206703186035,
      2.302518129348755
    ],