{
  "config": {
    "run_name": "exp1_3_L4_K64-128-256",
    "out_dir": "./results",
    "seed": 42,
    "bs_train": 128,
    "bs_test": 32,
    "batches": 100,
    "epochs": 50,
    "early_stopping": 4,
    "checkpoints": null,
    "lr": 0.01,
    "reg": 0.001,
    "filters_per_layer": [
      64,
      128,
      256
    ],
    "layers_per_block": 4,
    "pool_every": 4,
    "hidden_dims": [
      100
    ],
    "ycn": false,
    "CrossEntropyLoss": null,
    "kw": {}
  },
  "results": {
    "num_epochs": 5,
    "train_loss": [
      2.3056750297546387,
      2.296922445297241,
      2.3086557388305664,
      2.3079674243927,
      2.297844409942627,
      2.3014962673187256,
      2.3020622730255127,
      2.308751106262207,
      2.298262357711792,
      2.310626983642578,
      2.3099632263183594,
      2.299044132232666,
      2.309257984161377,
      2.303722858428955,
      2.301420211791992,
      2.304014205932617,
      2.300664186477661,
      2.302544355392456,
      2.3034582138061523,
      2.296635627746582,
      2.295074224472046,
      2.3051235675811768,
      2.2997751235961914,
      2.2983014583587646,
      2.3070130348205566,
      2.3046951293945312,
      2.3037681579589844,
      2.3026933670043945,
      2.299211025238037,
      2.303314208984375,
      2.305290937423706,
      2.3042778968811035,
      2.3038110733032227,
      2.295459508895874,
      2.306483745574951,
      2.3075385093688965,
      2.2959585189819336,
      2.3001091480255127,
      2.3016679286956787,
      2.3060548305511475,
      2.2986671924591064,
      2.308899164199829,
      2.309556484222412,
      2.300556182861328,
      2.311640977859497,
      2.3023414611816406,
      2.302138328552246,
      2.3026859760284424,
      2.2987334728240967,
      2.301788568496704,
      2.3044281005859375,
      2.298426866531372,
      2.2957019805908203,
      2.302769660949707,
      2.299778699874878,
      2.2960476875305176,
      2.3064048290252686,
      2.3032405376434326,
      2.303025722503662,
      2.300469160079956,
      2.29878830909729,
      2.3029863834381104,
      2.305262804031372,
      2.303612470626831,
      2.302776575088501,
      2.2950329780578613,
      2.3053035736083984,
      2.307185649871826,
      2.294945478439331,
      2.2995007038116455,
      2.3016676902770996,
      2.304114580154419,
      2.2992799282073975,
      2.307744264602661,
      2.3093364238739014,
      2.301924705505371,
      2.3135712146759033,
      2.3014445304870605,
      2.3026185035705566,
      2.30185604095459,
      2.2976014614105225,
      2.3014907836914062,
      2.3051247596740723,
      2.2998363971710205,
      2.296299934387207,
      2.3015103340148926,
      2.299860954284668,
      2.2946813106536865,
      2.306175708770752,
      2.302389621734619,
      2.302621841430664,
      2.2992167472839355,
      2.2986793518066406,
      2.3028769493103027,
      2.305326223373413,
      2.303138256072998,
      2.302234649658203,
      2.294926166534424,
      2.304692268371582,
      2.3070523738861084,
      2.2944653034210205,
      2.2992513179779053,
      2.3017444610595703,
      2.302943229675293,
      2.299732208251953,
      2.3070967197418213,
      2.3092546463012695,
      2.3028783798217773,
      2.314807176589966,
      2.3009259700775146,
      2.303011894226074,
      2.3013956546783447,
      2.297006607055664,
      2.301392078399658,
      2.305593490600586,
      2.3007750511169434,
      2.296757221221924,
      2.3008127212524414,
      2.299926519393921,
      2.293929100036621,
      2.3060684204101562,
      2.3019323348999023,
      2.3024027347564697,
      2.2985117435455322,
      2.298659324645996,
      2.3028481006622314,
      2.3054230213165283,
      2.302851676940918,
      2.301929235458374,
      2.2949187755584717,
      2.304356336593628,
      2.3070292472839355,
      2.2942538261413574,
      2.299152374267578,
      2.301828622817993,
      2.302208662033081,
      2.300023078918457,
      2.3067193031311035,
      2.3092145919799805,
      2.303510904312134,
      2.315549612045288,
      2.300581216812134,
      2.3033063411712646,
      2.3011372089385986,
      2.296725273132324,
      2.3013851642608643,
      2.3058695793151855,
      2.301382303237915,
      2.297086715698242,
      2.3004443645477295,
      2.2999770641326904,
      2.2935144901275635,
      2.3060147762298584,
      2.3016579151153564,
      2.3022842407226562,
      2.298110008239746,
      2.2986834049224854,
      2.3028481006622314,
      2.3054916858673096,
      2.302642345428467,
      2.3017501831054688,
      2.2949554920196533,
      2.3041584491729736,
      2.307020902633667,
      2.2941555976867676,
      2.299114227294922,
      2.30188250541687,
      2.301741361618042,
      2.3002278804779053,
      2.3064844608306885,
      2.3091952800750732,
      2.303936243057251,
      2.31601881980896,
      2.3003697395324707,
      2.303500175476074,
      2.3009727001190186,
      2.2965564727783203,
      2.3013806343078613,
      2.3060576915740967,
      2.3017706871032715,
      2.297321081161499,
      2.300230026245117,
      2.300013780593872,
      2.2932615280151367,
      2.30599045753479,
      2.3014862537384033,
      2.3022193908691406,
      2.297863245010376,
      2.2987184524536133,
      2.3028507232666016,
      2.305532217025757,
      2.302499532699585
    ],
    "train_acc": [
      10.425,
      10.425,
      9.9,
      10.825,
      10.825,
      10.825
    ],